{
    "EffectVolume": 0.9950000047683716,
    "Fullscreen": false,
    "MasterVolume": 0.5,
    "MiscVolume": 0.33000001311302185,
    "MouseSensitivity": 0.4099999964237213,
    "MusicVolume": 0.10000000149011612,
    "ScreenHeight": 511,
    "ScreenWidth": 747,
    "ShadowResolutionFactor": 2.0
}
