{
    "EffectVolume": 0.9950000047683716,
    "MasterVolume": 1.0,
    "MiscVolume": 0.9399999976158142,
    "MouseSensitivity": 0.4099999964237213,
    "MusicVolume": 0.0,
    "ScreenHeight": 757,
    "ScreenWidth": 1280,
    "ShadowResolutionFactor": 6.0
}
