{
    "DirectionalLight": {
        "Direction": [
            0.0,
            -0.6030226945877075,
            0.30151134729385376,
            0.738548994064331
        ],
        "Intensity": [
            1.0,
            1.0,
            1.0,
            0.0020000000949949026
        ]
    },
    "Floor": null,
    "Metadata": {
        "Highscore": 57,
        "OptimalTime": 20.0
    },
    "Player": {
        "ArrowCamera": {
            "Direction": [
                0.9987632632255554,
                0.04946181923151016,
                0.005046740174293518
            ],
            "Position": [
                -5.943417549133301,
                2.150413751602173,
                -5.738457202911377
            ]
        },
        "OversightCamera": {
            "Direction": [
                0.5259997248649597,
                -0.8093904852867126,
                0.26117315888404846
            ],
            "FOV": 75.0,
            "Offset": [
                0.0,
                0.0,
                0.0
            ],
            "Position": [
                -7.666889190673828,
                19.129566192626953,
                -13.901178359985352
            ]
        }
    },
    "PointLights": null,
    "Props": [
        {
            "Model": "labFloor",
            "Name": "floor2",
            "Position": [
                1.0,
                0.0,
                -2.0
            ],
            "Rotation": [
                0.0,
                0.0,
                0.0
            ],
            "Scale": [
                6.0,
                0.30000001192092896,
                6.0
            ]
        },
        {
            "Model": "labFloor",
            "Name": "floor1",
            "Position": [
                1.0,
                0.0,
                -14.0
            ],
            "Rotation": [
                0.0,
                0.0,
                0.0
            ],
            "Scale": [
                6.0,
                0.30000001192092896,
                6.0
            ]
        },
        {
            "Model": "labFloor",
            "Name": "Floor3",
            "Position": [
                13.0,
                0.0,
                -14.0
            ],
            "Rotation": [
                0.0,
                0.0,
                0.0
            ],
            "Scale": [
                6.0,
                0.30000001192092896,
                6.0
            ]
        },
        {
            "Model": "labFloor",
            "Name": "Floor4",
            "Position": [
                13.0,
                0.0,
                -2.0
            ],
            "Rotation": [
                0.0,
                0.0,
                0.0
            ],
            "Scale": [
                6.0,
                0.30000001192092896,
                6.0
            ]
        },
        {
            "Model": "Block",
            "Name": "ShortcutBottom",
            "Position": [
                7.099999904632568,
                1.7999999523162842,
                3.5999999046325684
            ],
            "Rotation": [
                0.0,
                0.0,
                0.0
            ],
            "Scale": [
                5.0,
                1.5,
                0.4000000059604645
            ]
        },
        {
            "Model": "aiPoster",
            "Name": "Poster1",
            "Position": [
                4.5,
                2.200000047683716,
                -7.949999809265137
            ],
            "Rotation": [
                0.0,
                0.0,
                0.0
            ],
            "Scale": [
                0.800000011920929,
                1.0,
                1.0
            ]
        },
        {
            "Model": "chair",
            "Name": "chair1",
            "Position": [
                -1.399999976158142,
                0.30000001192092896,
                3.0999999046325684
            ],
            "Rotation": [
                1.5999952554702759,
                -1.5700026750564575,
                0.0
            ],
            "Scale": [
                0.10000000149011612,
                0.10000000149011612,
                0.10000000149011612
            ]
        },
        {
            "Model": "chair",
            "Name": "chair2",
            "Position": [
                15.800000190734863,
                1.0,
                2.799999952316284
            ],
            "Rotation": [
                1.6002033948898315,
                -0.09999988228082657,
                -0.6000003814697266
            ],
            "Scale": [
                0.10000000149011612,
                0.10000000149011612,
                0.10000000149011612
            ]
        },
        {
            "Model": "keepCalm",
            "Name": "Poster2",
            "Position": [
                6.5,
                2.700000047683716,
                -7.550000190734863
            ],
            "Rotation": [
                0.0,
                0.0,
                -3.0
            ],
            "Scale": [
                0.699999988079071,
                0.699999988079071,
                1.0
            ]
        },
        {
            "Model": "labFloor",
            "Name": "Floor5",
            "Position": [
                -11.0,
                0.0,
                -3.0
            ],
            "Rotation": [
                0.0,
                0.0,
                0.0
            ],
            "Scale": [
                6.0,
                0.30000001192092896,
                6.0
            ]
        },
        {
            "Model": "serverRack",
            "Name": "ServerRack1",
            "Position": [
                0.0,
                1.8600000143051147,
                -13.0
            ],
            "Rotation": [
                -3.140746831893921,
                1.5420000553131104,
                3.1411044597625732
            ],
            "Scale": [
                0.4000000059604645,
                1.100000023841858,
                1.600000023841858
            ]
        },
        {
            "Model": "serverRack",
            "Name": "ServerRack2",
            "Position": [
                0.0,
                1.8600000143051147,
                -16.0
            ],
            "Rotation": [
                -3.140902042388916,
                1.5419999361038208,
                3.1415927410125732
            ],
            "Scale": [
                0.4000000059604645,
                1.100000023841858,
                1.600000023841858
            ]
        },
        {
            "Model": "serverRack",
            "Name": "ServerRack3",
            "Position": [
                4.0,
                1.8600000143051147,
                -16.0
            ],
            "Rotation": [
                -3.140902042388916,
                1.5419999361038208,
                3.1415927410125732
            ],
            "Scale": [
                0.4000000059604645,
                1.100000023841858,
                1.600000023841858
            ]
        },
        {
            "Model": "serverRack",
            "Name": "ServerRack4",
            "Position": [
                4.0,
                1.8600000143051147,
                -13.0
            ],
            "Rotation": [
                -3.140902042388916,
                1.5419999361038208,
                3.1415927410125732
            ],
            "Scale": [
                0.4000000059604645,
                1.100000023841858,
                1.600000023841858
            ]
        },
        {
            "Model": "serverRack",
            "Name": "ServerRack5",
            "Position": [
                8.0,
                1.8600000143051147,
                -13.0
            ],