{
    "DirectionalLight": {
        "Direction": [
            0.0,
            -0.705345630645752,
            0.07053456455469131,
            0.705345630645752
        ],
        "Intensity": [
            1.0,
            1.0,
            1.0,
            0.00019999999494757503
        ]
    },
    "Metadata": {
        "OptimalTime": 0.0
    },
    "Player": {
        "ArrowCamera": {
            "Direction": [
                0.0,
                0.0,
                -1.0
            ],
            "Position": [
                1.0,
                1.0,
                0.0
            ]
        },
        "OversightCamera": {
            "Direction": [
                0.4423958659172058,
                -0.7156888842582703,
                -0.5404399037361145
            ],
            "FOV": 75.0,
            "Offset": [
                0.0,
                0.0,
                0.0
            ],
            "Position": [
                -10.0,
                20.0,
                10.0
            ]
        }
    },
    "PointLights": [
        {
            "Color": [
                1.0,
                1.0,
                1.0,
                3.0
            ],
            "Distance": 13,
            "Position": [
                -0.0,
                2.799999952316284,
                -4.5,
                1.0
            ]
        },
        {
            "Color": [
                0.800000011920929,
                0.800000011920929,
                1.0,
                10.0
            ],
            "Distance": 20,
            "Position": [
                0.0,
                0.0,
                -10.0,
                1.0
            ]
        }
    ],
    "Props": [
        {
            "Model": "Cube",
            "Name": "Box1",
            "Position": [
                0.0,
                0.0,
                0.0
            ],
            "Rotation": [
                0.0,
                0.0,
                0.0
            ],
            "Scale": [
                10.0,
                0.10000000149011612,
                35.0
            ]
        },
        {
            "Model": "Cube",
            "Name": "Box2",
            "Position": [
                0.0,
                4.0,
                -4.5
            ],
            "Rotation": [
                0.0,
                0.0,
                0.0
            ],
            "Scale": [
                0.5,
                1.0,
                1.5
            ]
        },
        {
            "Model": "Cube",
            "Name": "",
            "Position": [
                -107374176.0,
                -107374176.0,
                -107374176.0
            ],
            "Rotation": [
                0.0,
                0.0,
                0.0
            ],
            "Scale": [
                1.0,
                1.0,
                1.0
            ]
        }
    ],
    "Target": [
        {
            "Name": "Target1",
            "Position": [
                0.0,
                1.336836576461792,
                -5.0
            ],
            "Rotation": [
                0.811667263507843,
                0.811667263507843,
                0.8668175339698792
            ],
            "Scale": [
                0.25,
                0.25,
                0.25
            ]
        },
        {
            "Name": "Target2",
            "Position": [
                2.0,
                1.2132573127746582,
                -10.0
            ],
            "Rotation": [
                0.811667263507843,
                0.811667263507843,
                0.9821549654006958
            ],
            "Scale": [
                0.25,
                0.25,
                0.25
            ]
        },
        {
            "Name": "Target3",
            "Position": [
                -2.0,
                1.1698588132858276,
                -13.0
            ],
            "Rotation": [
                0.811667263507843,
                0.811667263507843,
                0.8118646144866943
            ],
            "Scale": [
                0.25,
                0.25,
                0.25
            ]
        },
        {
            "Name": "Target4",
            "Position": [
                -1.0,
                1.1709997653961182,
                -12.0
            ],
            "Rotation": [
                0.811667263507843,
                0.811667263507843,
                0.7859673500061035
            ],
            "Scale": [
                0.25,
                0.25,
                0.25
            ]
        },
        {
            "Name": "Target5",
            "Position": [
                -3.0,
                1.306105375289917,
                -10.0
            ],
            "Rotation": [
                0.811667263507843,
                0.811667263507843,
                0.9685835242271423
            ],
            "Scale": [
                0.25,
                0.25,
                0.25
            ]
        }
    ],
    "Walls": {
        "WallInfo": {
            "Height": 5.0,
            "Texture": "wallTex"
        },
        "WallPoints": [
            [
                [
                    -5.0,
                    2.0
                ],
                [
                    -5.0,
                    -15.0
                ],
                [
                    5.0,
                    -15.0
                ],
                [
                    5.0,
                    2.0
                ]
            ],
            [
                [
                    -3.0,
                    -3.0
                ],
                [
                    -3.0,
                    -2.0
                ],
                [
                    5.0,
                    -2.0
                ],
                [
                    5.0,
                    -3.0
                ]
            ],
            [
                [
                    -5.0,
                    -7.0
                ],
                [
                    -5.0,
                    -6.0
                ],
                [
                    3.0,
                    -6.0
                ],
                [
                    3.0,
                    -7.0
                ]
            ]
        ]
    }
}
