{
    "DirectionalLight": {
        "Direction": [
            0.0,
            -0.7237944602966309,
            0.1816297322511673,
            0.6656818985939026
        ],
        "Intensity": [
            1.0,
            1.0,
            1.0,
            1.0
        ]
    },
    "Floor": null,
    "Metadata": {
        "Highscore": 69,
        "OptimalTime": 10.0
    },
    "Player": {
        "ArrowCamera": {
            "Direction": [
                0.0,
                0.0,
                -1.0
            ],
            "FOV": 75.0,
            "Offset": [
                0.0,
                0.30000001192092896,
                -1.0
            ],
            "Position": [
                1.0,
                1.0,
                0.0
            ]
        },
        "OversightCamera": {
            "Direction": [
                0.4423958659172058,
                -0.7156888842582703,
                -0.5404399037361145
            ],
            "FOV": 75.0,
            "Offset": [
                0.0,
                0.0,
                0.0
            ],
            "Position": [
                -10.0,
                20.0,
                10.0
            ]
        }
    },
    "PointLights": [
        {
            "Color": [
                1.0,
                1.0,
                1.0,
                2.0
            ],
            "Distance": 20,
            "Position": [
                -0.0,
                3.5999999046325684,
                -4.300000190734863,
                1.0
            ]
        }
    ],
    "Props": [
        {
            "Model": "Cube",
            "Name": "Floor",
            "Position": [
                0.0,
                0.0,
                -6.900000095367432
            ],
            "Rotation": [
                0.0,
                0.0,
                0.0
            ],
            "Scale": [
                6.800000190734863,
                0.5,
                10.5
            ]
        },
        {
            "Model": "Cube",
            "Name": "Overheada",
            "Position": [
                0.0,
                5.0,
                -4.599999904632568
            ],
            "Rotation": [
                0.0,
                0.0,
                0.0
            ],
            "Scale": [
                0.5,
                0.8999999761581421,
                1.899999976158142
            ]
        },
        {
            "Model": "lamp",
            "Name": "lamp1",
            "Position": [
                0.0,
                4.150000095367432,
                -4.300000190734863
            ],
            "Rotation": [
                0.0,
                0.0,
                3.1400485038757324
            ],
            "Scale": [
                0.4000000059604645,
                0.20000000298023224,
                0.4000000059604645
            ]
        }
    ],
    "Target": [
        {
            "Name": "Target1",
            "Position": [
                0.0,
                1.8804504871368408,
                -4.599999904632568
            ],
            "Rotation": [
                1.5420000553131104,
                0.0,
                0.07393220067024231
            ],
            "Scale": [
                0.25,
                0.25,
                0.25
            ]
        },
        {
            "Name": "Target2",
            "Position": [
                3.9000000953674316,
                1.8371002674102783,
                -9.0
            ],
            "Rotation": [
                -3.1415927410125732,
                0.0,
                0.18378931283950806
            ],
            "Scale": [
                0.25,
                0.25,
                0.25
            ]
        },
        {
            "Name": "Target3",
            "Position": [
                2.0999999046325684,
                2.2410223484039307,
                -12.600000381469727
            ],
            "Rotation": [
                -2.742000102996826,
                0.0,
                -0.14280559122562408
            ],
            "Scale": [
                0.25,
                0.25,
                0.25
            ]
        },
        {
            "Name": "Target4",
            "Position": [
                -2.5999999046325684,
                2.7543845176696777,
                -10.899999618530273
            ],
            "Rotation": [
                -1.7419999837875366,
                0.0,
                -0.05979594960808754
            ],
            "Scale": [
                0.25,
                0.25,
                0.25
            ]
        }
    ],
    "Walls": [
        [
            [
                -5.0,
                2.0
            ],
            [
                -5.0,
                -15.0
            ],
            [
                5.0,
                -15.0
            ],
            [
                5.0,
                2.0
            ]
        ],
        [
            [
                -3.0,
                -3.0
            ],
            [
                -3.0,
                -2.0
            ],
            [
                5.0,
                -2.0
            ],
            [
                5.0,
                -3.0
            ]
        ],
        [
            [
                -5.0,
                -7.0
            ],
            [
                -5.0,
                -6.0
            ],
            [
                3.0,
                -6.0
            ],
            [
                3.0,
                -7.0
            ]
        ]
    ]
}
