{
    "DirectionalLight": {
        "Direction": [
            0.0,
            -0.7237944602966309,
            0.1816297322511673,
            0.6656818985939026
        ],
        "Intensity": [
            1.0,
            1.0,
            1.0,
            1.0
        ]
    },
    "Floor": null,
    "Metadata": {
        "Highscore": 60,
        "OptimalTime": 10.0
    },
    "Player": {
        "ArrowCamera": {
            "Direction": [
                0.0,
                0.0,
                -1.0
            ],
            "FOV": 75.0,
            "Offset": [
                0.0,
                0.30000001192092896,
                -1.0
            ],
            "Position": [
                1.0,
                1.0,
                0.0
            ]
        },
        "OversightCamera": {
            "Direction": [
                0.4423958659172058,
                -0.7156888842582703,
                -0.5404399037361145
            ],
            "FOV": 75.0,
            "Offset": [
                0.0,
                0.0,
                0.0
            ],
            "Position": [
                -10.0,
                20.0,
                10.0
            ]
        }
    },
    "PointLights": [
        {
            "Color": [
                1.0,
                1.0,
                1.0,
                2.0
            ],
            "Distance": 20,
            "Position": [
                -0.0,
                2.9000000953674316,
                -4.300000190734863,
                1.0
            ]
        }
    ],
    "Props": [
        {
            "Model": "block",
            "Name": "floor1",
            "Position": [
                0.0,
                0.0,
                -3.0
            ],
            "Rotation": [
                0.0,
                0.0,
                0.0
            ],
            "Scale": [
                5.099999904632568,
                0.20000000298023224,
                5.099999904632568
            ]
        },
        {
            "Model": "lamp",
            "Name": "lamp1",
            "Position": [
                0.0,
                3.450000047683716,
                -4.300000190734863
            ],
            "Rotation": [
                0.0,
                0.0,
                3.1400485038757324
            ],
            "Scale": [
                0.4000000059604645,
                0.20000000298023224,
                0.4000000059604645
            ]
        },
        {
            "Model": "block",
            "Name": "floor2",
            "Position": [
                0.0,
                0.0,
                -13.300000190734863
            ],
            "Rotation": [
                0.0,
                0.0,
                0.0
            ],
            "Scale": [
                5.099999904632568,
                0.20000000298023224,
                5.199999809265137
            ]
        },
        {
            "Model": "block",
            "Name": "Overhead",
            "Position": [
                0.0,
                4.199999809265137,
                -4.5
            ],
            "Rotation": [
                0.0,
                0.0,
                0.0
            ],
            "Scale": [
                1.5,
                0.800000011920929,
                1.5
            ]
        }
    ],
    "Target": [
        {
            "Name": "Target1",
            "Position": [
                0.0,
                1.501354694366455,
                -4.599999904632568
            ],
            "Rotation": [
                1.5420000553131104,
                0.0,
                0.1442391276359558
            ],
            "Scale": [
                0.25,
                0.25,
                0.25
            ]
        },
        {
            "Name": "Target2",
            "Position": [
                3.9000000953674316,
                2.3073983192443848,
                -9.0
            ],
            "Rotation": [
                3.1415927410125732,
                0.0,
                0.5701720118522644
            ],
            "Scale": [
                0.25,
                0.25,
                0.25
            ]
        },
        {
            "Name": "Target3",
            "Position": [
                2.0999999046325684,
                2.3580691814422607,
                -12.600000381469727
            ],
            "Rotation": [
                -2.742000102996826,
                0.0,
                0.18066900968551636
            ],
            "Scale": [
                0.25,
                0.25,
                0.25
            ]
        },
        {
            "Name": "Target4",
            "Position": [
                -2.5999999046325684,
                3.434128999710083,
                -10.899999618530273
            ],
            "Rotation": [
                -1.7419999837875366,
                0.0,
                0.06098891794681549
            ],
            "Scale": [
                0.25,
                0.25,
                0.25
            ]
        }
    ],
    "Walls": {
        "WallInfo": {
            "Texture": "brickWall"
        },
        "WallPoints": [
            [
                [
                    -5.0,
                    2.0
                ],
                [
                    -5.0,
                    -15.0
                ],
                [
                    5.0,
                    -15.0
                ],
                [
                    5.0,
                    2.0
                ]
            ],
            [
                [
                    -3.0,
                    -3.0
                ],
                [
                    -3.0,
                    -2.0
                ],
                [
                    5.0,
                    -2.0
                ],
                [
                    5.0,
                    -3.0
                ]
            ],
            [
                [
                    -5.0,
                    -7.0
                ],
                [
                    -5.0,
                    -6.0
                ],
                [
                    3.0,
                    -6.0
                ],
                [
                    3.0,
                    -7.0
                ]
            ]
        ]
    }
}
