{
    "DirectionalLight": {
        "Direction": [
            0.0,
            -0.7237944602966309,
            0.1816297322511673,
            0.6656818985939026
        ],
        "Intensity": [
            1.0,
            1.0,
            1.0,
            1.0
        ]
    },
    "Metadata": {
        "OptimalTime": 10.0
    },
    "Player": {
        "ArrowCamera": {
            "Direction": [
                -0.06723987311124802,
                0.06969773024320602,
                -0.9952994585037231
            ],
            "Position": [
                -0.7282249331474304,
                6.170777797698975,
                -4.7717156410217285
            ]
        },
        "OversightCamera": {
            "Direction": [
                0.0005329592968337238,
                -0.8245497345924377,
                -0.5657892823219299
            ],
            "FOV": 75.0,
            "Offset": [
                0.0,
                0.0,
                0.0
            ],
            "Position": [
                -2.604881525039673,
                34.294036865234375,
                1.3905830383300781
            ]
        }
    },
    "PointLights": null,
    "Props": [
        {
            "Model": "Block",
            "Name": "floor1",
            "Position": [
                -4.099999904632568,
                1.399999976158142,
                -1.7999999523162842
            ],
            "Rotation": [
                0.0016194458585232496,
                -0.2999997138977051,
                0.0
            ],
            "Scale": [
                17.399999618530273,
                1.0,
                5.099999904632568
            ]
        },
        {
            "Model": "labFloor",
            "Name": "floor2",
            "Position": [
                -2.200000047683716,
                -0.05000000074505806,
                -11.699999809265137
            ],
            "Rotation": [
                0.0006905339541845024,
                0.0,
                0.0
            ],
            "Scale": [
                14.100000381469727,
                1.100000023841858,
                5.099999904632568
            ]
        },
        {
            "Model": "labFloor",
            "Name": "upperFloor",
            "Position": [
                -2.4000000953674316,
                2.299999952316284,
                -27.899999618530273
            ],
            "Rotation": [
                0.0,
                0.0,
                0.0
            ],
            "Scale": [
                8.300000190734863,
                3.200000047683716,
                9.800000190734863
            ]
        },
        {
            "Model": "Cube",
            "Name": "Cube2",
            "Position": [
                -8.199999809265137,
                3.200000047683716,
                -17.200000762939453
            ],
            "Rotation": [
                0.0,
                0.0,
                0.0
            ],
            "Scale": [
                2.4000000953674316,
                2.4000000953674316,
                1.0
            ]
        },
        {
            "Model": "Cube",
            "Name": "Cube1",
            "Position": [
                -2.5,
                3.200000047683716,
                -17.200000762939453
            ],
            "Rotation": [
                0.0,
                0.0,
                0.0
            ],
            "Scale": [
                3.299999952316284,
                2.4000000953674316,
                1.0
            ]
        },
        {
            "Model": "Cube",
            "Name": "Cube3",
            "Position": [
                3.0999999046325684,
                3.200000047683716,
                -17.200000762939453
            ],
            "Rotation": [
                0.0,
                0.0,
                0.0
            ],
            "Scale": [
                2.4000000953674316,
                2.4000000953674316,
                1.0
            ]
        },
        {
            "Model": "Lamp",
            "Name": "lampa",
            "Position": [
                -0.20000000298023224,
                12.949999809265137,
                -27.799999237060547
            ],
            "Rotation": [
                0.0,
                0.0,
                -3.1400485038757324
            ],
            "Scale": [
                0.5,
                0.5,
                0.5
            ]
        },
        {
            "Model": "Cube",
            "Name": "Cube4",
            "Position": [
                -8.100000381469727,
                6.400000095367432,
                -26.899999618530273
            ],
            "Rotation": [
                0.0,
                0.0,
                0.0
            ],
            "Scale": [
                3.5,
                2.0999999046325684,
                2.799999952316284
            ]
        },
        {
            "Model": "Cube",
            "Name": "Entity17",
            "Position": [
                2.9000000953674316,
                6.400000095367432,
                -26.899999618530273
            ],
            "Rotation": [
                0.0,
                0.0,
                0.0
            ],
            "Scale": [
                3.5,
                2.0999999046325684,
                2.799999952316284
            ]
        },
        {
            "Model": "Cube",
            "Name": "Entity20",
            "Position": [
                -1.7000000476837158,
                13.5,
                -28.5
            ],
            "Rotation": [
                0.0,
                0.0,
                0.0
            ],
            "Scale": [
                9.0,
                0.6000000238418579,
                10.300000190734863
            ]
        },
        {
            "Model": "Lamp",
            "Name": "lampa2",
            "Position": [
                -5.199999809265137,
                12.949999809265137,
                -27.799999237060547
            ],
            "Rotation": [
                -3.1400485038757324,
                0.0,
                -3.1400485038757324
            ],
            "Scale": [
                0.5,
                0.5,
                0.5
            ]
        }
    ],
    "Target": [
        {
            "Name": "target 1",
            "Position": [
                2.200000047683716,
                10.195147514343262,
                -26.200000762939453
            ],
            "Rotation": [
                3.1415927410125732,
                0.0,
                0.4197092056274414
            ],
            "Scale": [
                0.25,
                0.25,
                0.25
            ]
        },
        {
            "Name": "Target 1",
            "Position": [
                -7.699999809265137,
                10.073164939880371,
                -26.700000762939453
            ],
            "Rotation": [
                3.1415927410125732,
                -0.0036539642605930567,
                -0.016726946458220482
            ],
            "Scale": [
                0.25,
                0.25,
                0.25
            ]
        },
        {
            "Name": "Target 2",
            "Path": [
                {
                    "Position": [
                        -8.600000381469727,
                        7.517314910888672,
                        -20.899999618530273
                    ],
                    "Time": 0.0
                },
                {
                    "Position": [
                        -2.799999952316284,
                        8.217000007629395,
                        -22.299999237060547
                    ],