{
    "DirectionalLight": {
        "Direction": [
            0.0,
            -0.5,
            0.20000000298023224,
            0.23221135139465332
        ],
        "Intensity": [
            0.6000000238418579,
            0.6000000238418579,
            0.8999999761581421,
            0.10000000149011612
        ]
    },
    "Floor": null,
    "Metadata": {
        "Highscore": 0,
        "OptimalTime": 10.0
    },
    "Player": {
        "ArrowCamera": {
            "Direction": [
                -0.06723987311124802,
                0.06969773024320602,
                -0.9952994585037231
            ],
            "Position": [
                -0.7282249331474304,
                6.170777797698975,
                -4.7717156410217285
            ]
        },
        "OversightCamera": {
            "Direction": [
                0.0005329592968337238,
                -0.8245497345924377,
                -0.5657892823219299
            ],
            "FOV": 75.0,
            "Offset": [
                0.0,
                0.0,
                0.0
            ],
            "Position": [
                -2.604881525039673,
                34.294036865234375,
                1.3905830383300781
            ]
        }
    },
    "PointLights": [
        {
            "Color": [
                0.0,
                0.0,
                1.399999976158142,
                2.299999952316284
            ],
            "Distance": 100,
            "Position": [
                -5.0,
                11.699999809265137,
                -27.799999237060547,
                1.0
            ]
        },
        {
            "Color": [
                1.5,
                0.0,
                0.0,
                2.5999999046325684
            ],
            "Distance": 100,
            "Position": [
                -0.4000000059604645,
                11.75,
                -27.799999237060547,
                1.0
            ]
        }
    ],
    "Props": [
        {
            "Model": "grayBox",
            "Name": "tiltedFloor",
            "Position": [
                -4.099999904632568,
                1.899999976158142,
                -1.7999999523162842
            ],
            "Rotation": [
                0.0016194458585232496,
                -0.2999997138977051,
                0.0
            ],
            "Scale": [
                17.399999618530273,
                1.0,
                8.100000381469727
            ]
        },
        {
            "Model": "grayBox",
            "Name": "floor2",
            "Position": [
                -2.200000047683716,
                -0.05000000074505806,
                -11.699999809265137
            ],
            "Rotation": [
                0.0006905339541845024,
                0.0,
                0.0
            ],
            "Scale": [
                14.100000381469727,
                1.100000023841858,
                5.099999904632568
            ]
        },
        {
            "Model": "labFloor",
            "Name": "upperFloor",
            "Position": [
                -2.4000000953674316,
                2.299999952316284,
                -27.899999618530273
            ],
            "Rotation": [
                0.0,
                0.0,
                0.0
            ],
            "Scale": [
                8.300000190734863,
                3.200000047683716,
                9.800000190734863
            ]
        },
        {
            "Model": "grayBox",
            "Name": "middleWall",
            "Position": [
                -2.5,
                3.200000047683716,
                -17.200000762939453
            ],
            "Rotation": [
                0.0,
                0.0,
                0.0
            ],
            "Scale": [
                9.100000381469727,
                2.4000000953674316,
                1.0
            ]
        },
        {
            "Model": "Lamp",
            "Name": "lampa",
            "Position": [
                -0.20000000298023224,
                12.949999809265137,
                -27.799999237060547
            ],
            "Rotation": [
                0.0,
                0.0,
                -3.1400485038757324
            ],
            "Scale": [
                0.5,
                0.5,
                0.5
            ]
        },
        {
            "Model": "grayBox",
            "Name": "upperBox left",
            "Position": [
                -8.100000381469727,
                6.400000095367432,
                -26.899999618530273
            ],
            "Rotation": [
                0.0,
                0.0,
                0.0
            ],
            "Scale": [
                3.5,
                2.0999999046325684,
                2.799999952316284
            ]
        },
        {
            "Model": "grayBox",
            "Name": "upperBox right",
            "Position": [
                2.9000000953674316,
                6.400000095367432,
                -26.799999237060547
            ],
            "Rotation": [
                0.0,
                0.0,
                0.0
            ],
            "Scale": [
                3.5,
                2.0999999046325684,
                2.799999952316284
            ]
        },
        {
            "Model": "grayBox",
            "Name": "Roof",
            "Position": [
                -2.450000047683716,
                13.100000381469727,
                -29.399999618530273
            ],
            "Rotation": [
                0.0,
                0.0,
                0.0
            ],
            "Scale": [
                7.599999904632568,
                0.6000000238418579,
                10.300000190734863
            ]
        },
        {
            "Model": "Lamp",
            "Name": "lampa2",
            "Position": [
                -5.199999809265137,
                12.949999809265137,
                -27.799999237060547
            ],
            "Rotation": [
                -3.1400485038757324,
                0.0,
                -3.1400485038757324
            ],
            "Scale": [
                0.5,
                0.5,
                0.5
            ]
        },
        {
            "Model": "keepCalm",
            "Name": "poster",
            "Position": [
                -3.299999952316284,
                8.399999618530273,
                -38.599998474121094
            ],
            "Rotation": [
                0.0,
                0.0,
                3.0400004386901855
            ],
            "Scale": [
                3.5,
                2.5,
                2.799999952316284
            ]
        }
    ],
    "Target": [
        {
            "Name": "target 1",
            "Path": null,
            "Position": [
                2.200000047683716,
                11.324631690979004,
                -26.200000762939453
            ],
            "Rotation": [
                -3.1411044597625732,
                0.0,
                -0.4907451868057251
            ],
            "Scale": [
                0.25,
                0.25,
                0.25
            ]
        },
        {
            "Name": "Target 2",
            "Path": [
                {
                    "Position": [
                        2.0999999046325684,
                        7.934999942779541,
                        -31.700000762939453
                    ],
                    "Time": 0.0
                },
                {
                    "Position": [
                        -1.899999976158142,
                        8.335000038146973,
                        -31.700000762939453
                    ],
                    "Time": 1.3597707748413086
                },
                {
                    "Position": [
                        -1.899999976158142,
                        6.835000038146973,
                        -20.600000381469727
                    ],