{
    "DirectionalLight": {
        "Direction": [
            0.0,
            -0.7237944602966309,
            0.1816297322511673,
            0.6656818985939026
        ],
        "Intensity": [
            1.0,
            1.0,
            1.0,
            1.0
        ]
    },
    "Floor": null,
    "Metadata": {
        "Highscore": 14625,
        "OptimalTime": 10.0
    },
    "Player": {
        "ArrowCamera": {
            "Direction": [
                0.0,
                0.0,
                -1.0
            ],
            "FOV": 75.0,
            "Offset": [
                0.0,
                0.30000001192092896,
                -1.0
            ],
            "Position": [
                1.0,
                1.0,
                0.0
            ]
        },
        "OversightCamera": {
            "Direction": [
                0.4423958659172058,
                -0.7156888842582703,
                -0.5404399037361145
            ],
            "FOV": 75.0,
            "Offset": [
                0.0,
                0.0,
                0.0
            ],
            "Position": [
                -10.0,
                20.0,
                10.0
            ]
        }
    },
    "PointLights": null,
    "Props": [
        {
            "Model": "block",
            "Name": "floor1",
            "Position": [
                0.0,
                0.0,
                -3.0
            ],
            "Rotation": [
                0.0,
                0.0,
                0.0
            ],
            "Scale": [
                5.099999904632568,
                0.20000000298023224,
                5.099999904632568
            ]
        },
        {
            "Model": "block",
            "Name": "floor2",
            "Position": [
                0.0,
                0.0,
                -13.300000190734863
            ],
            "Rotation": [
                0.0,
                0.0,
                0.0
            ],
            "Scale": [
                5.099999904632568,
                0.20000000298023224,
                5.199999809265137
            ]
        },
        {
            "Model": "cube",
            "Name": "Entity6",
            "Position": [
                0.0,
                0.20000000298023224,
                0.0
            ],
            "Rotation": [
                0.0,
                0.0,
                0.0
            ],
            "Scale": [
                1.0,
                1.0,
                1.0
            ]
        }
    ],
    "Target": null,
    "Walls": {
        "WallInfo": {
            "Height": 13.699999809265137,
            "Texture": "wallTex"
        },
        "WallPoints": [
            [
                [
                    -5.0,
                    2.0
                ],
                [
                    -5.0,
                    -15.0
                ],
                [
                    5.0,
                    -15.0
                ],
                [
                    5.0,
                    2.0
                ]
            ]
        ]
    }
}
