{
    "DirectionalLight": {
        "Direction": [
            0.0,
            -0.7237944602966309,
            0.1816297322511673,
            0.6656818985939026
        ],
        "Intensity": [
            1.0,
            1.0,
            1.0,
            1.0
        ]
    },
    "Floor": null,
    "Metadata": {
        "Highscore": 28,
        "OptimalTime": 10.0
    },
    "Player": {
        "ArrowCamera": {
            "Direction": [
                -0.006361565552651882,
                -0.1573309302330017,
                -0.987525463104248
            ],
            "FOV": 75.0,
            "Offset": [
                0.0,
                0.30000001192092896,
                -1.0
            ],
            "Position": [
                -2.296476364135742,
                6.004363059997559,
                0.34948721528053284
            ]
        },
        "OversightCamera": {
            "Direction": [
                0.0005329592968337238,
                -0.8245497345924377,
                -0.5657892823219299
            ],
            "FOV": 75.0,
            "Offset": [
                0.0,
                0.0,
                0.0
            ],
            "Position": [
                -2.604881525039673,
                34.294036865234375,
                1.3905830383300781
            ]
        }
    },
    "PointLights": null,
    "Props": [
        {
            "Model": "block",
            "Name": "floor1",
            "Position": [
                -9.899999618530273,
                0.0,
                -2.9000000953674316
            ],
            "Rotation": [
                0.0006905339541845024,
                0.0,
                0.0
            ],
            "Scale": [
                9.399999618530273,
                1.100000023841858,
                5.099999904632568
            ]
        },
        {
            "Model": "Lamp",
            "Name": "lampa",
            "Position": [
                -8.600000381469727,
                5.5,
                -16.899999618530273
            ],
            "Rotation": [
                1.5999999046325684,
                0.0,
                0.05791936442255974
            ],
            "Scale": [
                1.0,
                1.0,
                1.0
            ]
        },
        {
            "Model": "block",
            "Name": "Entity7",
            "Position": [
                8.899999618530273,
                0.0,
                -2.9000000953674316
            ],
            "Rotation": [
                0.0006905339541845024,
                0.0,
                0.0
            ],
            "Scale": [
                9.399999618530273,
                1.100000023841858,
                5.099999904632568
            ]
        },
        {
            "Model": "block",
            "Name": "Entity8",
            "Position": [
                -2.5999999046325684,
                0.0,
                -13.0
            ],
            "Rotation": [
                0.0006905339541845024,
                0.0,
                0.0
            ],
            "Scale": [
                11.399999618530273,
                1.100000023841858,
                5.099999904632568
            ]
        },
        {
            "Model": "block",
            "Name": "upperFloor",
            "Position": [
                -2.4000000953674316,
                1.899999976158142,
                -27.899999618530273
            ],
            "Rotation": [
                0.0,
                0.0,
                0.0
            ],
            "Scale": [
                8.300000190734863,
                3.200000047683716,
                9.800000190734863
            ]
        },
        {
            "Model": "Cube",
            "Name": "Cube2",
            "Position": [
                -8.199999809265137,
                3.200000047683716,
                -17.200000762939453
            ],
            "Rotation": [
                0.0,
                0.0,
                0.0
            ],
            "Scale": [
                2.4000000953674316,
                2.4000000953674316,
                1.0
            ]
        },
        {
            "Model": "Cube",
            "Name": "Cube1",
            "Position": [
                -2.5,
                3.200000047683716,
                -17.200000762939453
            ],
            "Rotation": [
                0.0,
                0.0,
                0.0
            ],
            "Scale": [
                3.299999952316284,
                2.4000000953674316,
                1.0
            ]
        },
        {
            "Model": "Cube",
            "Name": "Cube3",
            "Position": [
                3.0999999046325684,
                3.200000047683716,
                -17.200000762939453
            ],
            "Rotation": [
                0.0,
                0.0,
                0.0
            ],
            "Scale": [
                2.4000000953674316,
                2.4000000953674316,
                1.0
            ]
        },
        {
            "Model": "Lamp",
            "Name": "lampa2",
            "Position": [
                -3.0,
                5.5,
                -16.899999618530273
            ],
            "Rotation": [
                1.5999999046325684,
                0.0,
                0.05791936442255974
            ],
            "Scale": [
                1.0,
                1.0,
                1.0
            ]
        },
        {
            "Model": "Lamp",
            "Name": "lampa3",
            "Position": [
                3.0,
                5.5,
                -16.899999618530273
            ],
            "Rotation": [
                1.5999999046325684,
                0.0,
                0.05791936442255974
            ],
            "Scale": [
                1.0,
                1.0,
                1.0
            ]
        },
        {
            "Model": "Cube",
            "Name": "player spawn",
            "Position": [
                -2.0999999046325684,
                2.9000000953674316,
                0.8999999761581421
            ],
            "Rotation": [
                0.0,
                0.0,
                0.0
            ],
            "Scale": [
                1.0,
                1.0,
                1.0
            ]
        }
    ],
    "Target": [
        {
            "Name": "target 1",
            "Position": [
                0.4000000059604645,
                2.4129934310913086,
                -9.5
            ],
            "Rotation": [
                3.1415927410125732,
                0.0,
                -0.5081272125244141
            ],
            "Scale": [
                0.25,
                0.25,
                0.25
            ]
        }
    ],
    "Walls": {
        "WallInfo": {
            "Height": 13.699999809265137,
            "Texture": "wallTex"
        },
        "WallPoints": [
            [
                [
                    -18.0,
                    2.0
                ],
                [
                    -10.0,
                    -18.0
                ],
                [
                    -10.0,
                    -40.0
                ],
                [
                    5.0,
                    -40.0
                ],
                [
                    5.0,
                    -18.0
                ],
                [
                    12.0,
                    2.0
                ]
            ]
        ]
    }
}
