{
    "DirectionalLight": {
        "Direction": [
            0.0,
            -0.7237944602966309,
            0.1816297322511673,
            0.6656818985939026
        ],
        "Intensity": [
            1.0,
            1.0,
            1.0,
            1.0
        ]
    },
    "Metadata": {
        "OptimalTime": 10.0
    },
    "Player": {
        "ArrowCamera": {
            "Direction": [
                0.0,
                0.0,
                -1.0
            ],
            "FOV": 75.0,
            "Offset": [
                0.0,
                0.30000001192092896,
                -1.0
            ],
            "Position": [
                1.0,
                1.0,
                0.0
            ]
        },
        "OversightCamera": {
            "Direction": [
                0.4423958659172058,
                -0.7156888842582703,
                -0.5404399037361145
            ],
            "FOV": 75.0,
            "Offset": [
                0.0,
                0.0,
                0.0
            ],
            "Position": [
                -10.0,
                20.0,
                10.0
            ]
        }
    },
    "PointLights": null,
    "Props": [
        {
            "Model": "block",
            "Name": "floor1",
            "Position": [
                -9.600000381469727,
                0.0,
                -3.0
            ],
            "Rotation": [
                0.0,
                0.0,
                0.0
            ],
            "Scale": [
                10.300000190734863,
                0.10000000149011612,
                5.099999904632568
            ]
        },
        {
            "Model": "cube",
            "Name": "cube",
            "Position": [
                -7.199999809265137,
                3.9000000953674316,
                -11.600000381469727
            ],
            "Rotation": [
                0.0,
                0.0,
                0.0
            ],
            "Scale": [
                1.0,
                1.0,
                1.0
            ]
        },
        {
            "Model": "block",
            "Name": "floor3",
            "Position": [
                10.699999809265137,
                0.0,
                -3.0
            ],
            "Rotation": [
                0.0,
                0.0,
                0.0
            ],
            "Scale": [
                10.300000190734863,
                0.10000000149011612,
                5.099999904632568
            ]
        },
        {
            "Model": "block",
            "Name": "floor4",
            "Position": [
                -9.300000190734863,
                0.0,
                -13.199999809265137
            ],
            "Rotation": [
                0.0,
                0.0,
                0.0
            ],
            "Scale": [
                9.199999809265137,
                0.10000000149011612,
                5.099999904632568
            ]
        },
        {
            "Model": "block",
            "Name": "floor6",
            "Position": [
                8.800000190734863,
                0.0,
                -23.299999237060547
            ],
            "Rotation": [
                0.0,
                0.0,
                0.0
            ],
            "Scale": [
                10.300000190734863,
                0.10000000149011612,
                5.099999904632568
            ]
        },
        {
            "Model": "block",
            "Name": "floor2",
            "Position": [
                5.800000190734863,
                0.0,
                -33.400001525878906
            ],
            "Rotation": [
                0.0,
                0.0,
                0.0
            ],
            "Scale": [
                8.300000190734863,
                0.10000000149011612,
                5.099999904632568
            ]
        },
        {
            "Model": "block",
            "Name": "floor7",
            "Position": [
                -10.800000190734863,
                0.4000000059604645,
                -33.400001525878906
            ],
            "Rotation": [
                0.0,
                0.0,
                0.0
            ],
            "Scale": [
                8.300000190734863,
                1.2000000476837158,
                5.099999904632568
            ]
        },
        {
            "Model": "block",
            "Name": "floor8",
            "Position": [
                -0.4000000059604645,
                0.0,
                -42.599998474121094
            ],
            "Rotation": [
                0.0,
                0.0,
                0.0
            ],
            "Scale": [
                12.800000190734863,
                0.10000000149011612,
                5.099999904632568
            ]
        },
        {
            "Model": "block",
            "Name": "floor9",
            "Position": [
                0.10000000149011612,
                0.0,
                -52.400001525878906
            ],
            "Rotation": [
                0.0,
                0.0,
                0.0
            ],
            "Scale": [
                11.600000381469727,
                0.10000000149011612,
                5.099999904632568
            ]
        },
        {
            "Model": "block",
            "Name": "floor11",
            "Position": [
                -0.6000000238418579,
                0.0,
                -62.20000076293945
            ],
            "Rotation": [
                0.0,
                0.0,
                0.0
            ],
            "Scale": [
                11.600000381469727,
                0.10000000149011612,
                5.099999904632568
            ]
        },
        {
            "Model": "block",
            "Name": "floor10",
            "Position": [
                -0.6000000238418579,
                0.0,
                -73.9000015258789
            ],
            "Rotation": [
                0.0,
                0.0,
                0.0
            ],
            "Scale": [
                11.600000381469727,
                0.10000000149011612,
                6.800000190734863
            ]
        },
        {
            "Model": "block",
            "Name": "floor4left",
            "Position": [
                9.0,
                1.399999976158142,
                -13.199999809265137
            ],
            "Rotation": [
                0.0,
                0.0,
                0.0
            ],
            "Scale": [
                9.199999809265137,
                1.5,
                5.099999904632568
            ]
        },
        {
            "Model": "block",
            "Name": "floorunderground",
            "Position": [
                -11.800000190734863,
                0.0,
                -23.299999237060547
            ],
            "Rotation": [
                0.0,
                0.0,
                0.0
            ],
            "Scale": [
                10.300000190734863,
                0.10000000149011612,
                5.099999904632568
            ]
        },
        {
            "Model": "droneTarget",
            "Name": "Entity17",
            "Position": [
                7.0,
                5.699999809265137,
                -4.699999809265137
            ],
            "Rotation": [
                0.0,
                0.0,
                0.0
            ],
            "Scale": [
                0.25,
                0.25,
                0.25
            ]
        },
        {
            "Model": "lamp",
            "Name": "lampa",
            "Position": [
                1.2000000476837158,
                6.0,
                -9.0
            ],
            "Rotation": [
                2.0420000553131104,
                0.0,
                0.0579996220767498
            ],