{
    "DirectionalLight": {
        "Direction": [
            0.0,
            -0.7237944602966309,
            0.1816297322511673,
            0.6656818985939026
        ],
        "Intensity": [
            1.0,
            1.0,
            1.0,
            1.0
        ]
    },
    "Floor": null,
    "Metadata": {
        "Highscore": 30,
        "OptimalTime": 10.0
    },
    "Player": {
        "ArrowCamera": {
            "Direction": [
                -0.7549340724945068,
                0.03821319341659546,
                -0.6546865105628967
            ],
            "Position": [
                6.8490705490112305,
                3.4955968856811523,
                -0.4577568769454956
            ]
        },
        "OversightCamera": {
            "Direction": [
                0.0005329592968337238,
                -0.8245497345924377,
                -0.5657892823219299
            ],
            "FOV": 75.0,
            "Offset": [
                0.0,
                0.0,
                0.0
            ],
            "Position": [
                -2.604881525039673,
                34.294036865234375,
                1.3905830383300781
            ]
        }
    },
    "PointLights": null,
    "Props": [
        {
            "Model": "block",
            "Name": "floor1",
            "Position": [
                -9.899999618530273,
                0.0,
                -2.9000000953674316
            ],
            "Rotation": [
                0.0006905339541845024,
                0.0,
                0.0
            ],
            "Scale": [
                9.399999618530273,
                1.100000023841858,
                5.099999904632568
            ]
        },
        {
            "Model": "Lamp",
            "Name": "lampa",
            "Position": [
                -8.600000381469727,
                5.5,
                -16.899999618530273
            ],
            "Rotation": [
                1.5999999046325684,
                0.0,
                0.05791936442255974
            ],
            "Scale": [
                1.0,
                1.0,
                1.0
            ]
        },
        {
            "Model": "block",
            "Name": "Entity7",
            "Position": [
                8.899999618530273,
                0.0,
                -2.9000000953674316
            ],
            "Rotation": [
                0.0006905339541845024,
                0.0,
                0.0
            ],
            "Scale": [
                9.399999618530273,
                1.100000023841858,
                5.099999904632568
            ]
        },
        {
            "Model": "block",
            "Name": "Entity8",
            "Position": [
                -2.5999999046325684,
                0.0,
                -13.0
            ],
            "Rotation": [
                0.0006905339541845024,
                0.0,
                0.0
            ],
            "Scale": [
                11.399999618530273,
                1.100000023841858,
                5.099999904632568
            ]
        },
        {
            "Model": "block",
            "Name": "upperFloor",
            "Position": [
                -2.4000000953674316,
                1.899999976158142,
                -27.899999618530273
            ],
            "Rotation": [
                0.0,
                0.0,
                0.0
            ],
            "Scale": [
                8.300000190734863,
                3.200000047683716,
                9.800000190734863
            ]
        },
        {
            "Model": "Cube",
            "Name": "Cube2",
            "Position": [
                -8.199999809265137,
                3.200000047683716,
                -17.200000762939453
            ],
            "Rotation": [
                0.0,
                0.0,
                0.0
            ],
            "Scale": [
                2.4000000953674316,
                2.4000000953674316,
                1.0
            ]
        },
        {
            "Model": "Cube",
            "Name": "Cube1",
            "Position": [
                -2.5,
                3.200000047683716,
                -17.200000762939453
            ],
            "Rotation": [
                0.0,
                0.0,
                0.0
            ],
            "Scale": [
                3.299999952316284,
                2.4000000953674316,
                1.0
            ]
        },
        {
            "Model": "Cube",
            "Name": "Cube3",
            "Position": [
                3.0999999046325684,
                3.200000047683716,
                -17.200000762939453
            ],
            "Rotation": [
                0.0,
                0.0,
                0.0
            ],
            "Scale": [
                2.4000000953674316,
                2.4000000953674316,
                1.0
            ]
        },
        {
            "Model": "Lamp",
            "Name": "lampa2",
            "Position": [
                -3.0,
                5.5,
                -16.899999618530273
            ],
            "Rotation": [
                1.5999999046325684,
                0.0,
                0.05791936442255974
            ],
            "Scale": [
                1.0,
                1.0,
                1.0
            ]
        },
        {
            "Model": "Lamp",
            "Name": "lampa3",
            "Position": [
                3.0,
                5.5,
                -16.899999618530273
            ],
            "Rotation": [
                1.5999999046325684,
                0.0,
                0.05791936442255974
            ],
            "Scale": [
                1.0,
                1.0,
                1.0
            ]
        },
        {
            "Model": "Cube",
            "Name": "Cube4",
            "Position": [
                -2.700000047683716,
                2.799999952316284,
                -5.400000095367432
            ],
            "Rotation": [
                0.0,
                0.0,
                0.0
            ],
            "Scale": [
                3.5,
                2.0999999046325684,
                2.799999952316284
            ]
        }
    ],
    "Target": [
        {
            "Name": "target 1",
            "Path": [
                {
                    "Position": [
                        0.0,
                        5.965649604797363,
                        -36.599998474121094
                    ],
                    "Time": 0.0
                },
                {
                    "Position": [
                        0.0,
                        7.366000175476074,
                        -17.5
                    ],
                    "Time": 6.383754730224609
                },
                {
                    "Position": [
                        0.0,
                        6.565999984741211,
                        -14.899999618530273
                    ],
                    "Time": 7.290519714355469
                },
                {
                    "Position": [
                        2.299999952316284,
                        1.8660000562667847,
                        -11.699999809265137
                    ],
                    "Time": 9.335023880004883
                },
                {
                    "Position": [
                        2.9000000953674316,
                        1.8660000562667847,
                        -2.700000047683716
                    ],
                    "Time": 12.341683387756348
                }
            ],
            "Position": [
                2.9000000953674316,
                1.8660000562667847,
                -2.700000047683716
            ],
            "Rotation": null,
            "Scale": [
                0.25,
                0.25,
                0.25
            ],
            "Yaw": -3.1415927410125732
        }
    ],