{
    "DirectionalLight": {
        "Direction": [
            0.13330639898777008,
            0.8497837781906128,
            0.13330639898777008,
            0.4922665059566498
        ],
        "Intensity": [
            0.6000000238418579,
            0.20000000298023224,
            0.0,
            0.0020000000949949026
        ]
    },
    "Floor": null,
    "Metadata": {
        "Highscore": 0,
        "OptimalTime": 15.0
    },
    "Player": {
        "ArrowCamera": {
            "Direction": [
                0.03896418958902359,
                -0.05857386440038681,
                -0.9975225925445557
            ],
            "Position": [
                10.321393013000488,
                21.385623931884766,
                2.0115597248077393
            ]
        },
        "OversightCamera": {
            "Direction": [
                0.002007452305406332,
                -0.7623533010482788,
                -0.6471579670906067
            ],
            "FOV": 75.0,
            "Offset": [
                0.0,
                0.0,
                0.0
            ],
            "Position": [
                10.523771286010742,
                63.12105941772461,
                10.451021194458008
            ]
        }
    },
    "PointLights": [
        {
            "Color": [
                1.0,
                0.0,
                0.0,
                3.299999952316284
            ],
            "Distance": 200,
            "Position": [
                10.600000381469727,
                31.299999237060547,
                -48.79999923706055,
                1.0
            ]
        }
    ],
    "Props": [
        {
            "Model": "grayBox",
            "Name": "floor2",
            "Position": [
                10.0,
                0.0,
                -22.100000381469727
            ],
            "Rotation": [
                0.0,
                0.0,
                0.0
            ],
            "Scale": [
                16.299999237060547,
                0.4000000059604645,
                28.0
            ]
        },
        {
            "Model": "grayBox",
            "Name": "pillar left",
            "Position": [
                2.0,
                22.0,
                -22.100000381469727
            ],
            "Rotation": [
                0.0,
                0.0,
                0.0
            ],
            "Scale": [
                1.2000000476837158,
                0.25,
                28.0
            ]
        },
        {
            "Model": "grayBox",
            "Name": "pillar right",
            "Position": [
                19.700000762939453,
                24.0,
                -22.100000381469727
            ],
            "Rotation": [
                0.0,
                0.0,
                0.0
            ],
            "Scale": [
                1.2000000476837158,
                0.25,
                28.0
            ]
        },
        {
            "Model": "grayBox",
            "Name": "pillar middle",
            "Position": [
                10.300000190734863,
                20.0,
                -22.100000381469727
            ],
            "Rotation": [
                0.0,
                0.0,
                0.0
            ],
            "Scale": [
                1.600000023841858,
                0.25,
                28.0
            ]
        },
        {
            "Model": "grayBox",
            "Name": "Entity20",
            "Position": [
                10.600000381469727,
                28.799999237060547,
                -50.099998474121094
            ],
            "Rotation": [
                0.0,
                0.0,
                0.0
            ],
            "Scale": [
                0.8999999761581421,
                0.30000001192092896,
                0.800000011920929
            ]
        },
        {
            "Model": "grayBox",
            "Name": "Entity21",
            "Position": [
                12.300000190734863,
                29.600000381469727,
                -50.099998474121094
            ],
            "Rotation": [
                0.0,
                0.0,
                -0.699999988079071
            ],
            "Scale": [
                0.8999999761581421,
                0.30000001192092896,
                0.800000011920929
            ]
        },
        {
            "Model": "grayBox",
            "Name": "Entity22",
            "Position": [
                8.899999618530273,
                29.600000381469727,
                -50.099998474121094
            ],
            "Rotation": [
                0.0,
                0.0,
                0.699999988079071
            ],
            "Scale": [
                0.8999999761581421,
                0.30000001192092896,
                0.800000011920929
            ]
        },
        {
            "Model": "grayBox",
            "Name": "Entity23",
            "Position": [
                8.399999618530273,
                31.299999237060547,
                -50.099998474121094
            ],
            "Rotation": [
                0.0,
                0.0,
                1.5999999046325684
            ],
            "Scale": [
                0.8999999761581421,
                0.30000001192092896,
                0.800000011920929
            ]
        },
        {
            "Model": "grayBox",
            "Name": "Entity24",
            "Position": [
                12.899999618530273,
                31.299999237060547,
                -50.099998474121094
            ],
            "Rotation": [
                0.0,
                0.0,
                1.5999999046325684
            ],
            "Scale": [
                0.8999999761581421,
                0.30000001192092896,
                0.800000011920929
            ]
        },
        {
            "Model": "grayBox",
            "Name": "Entity25",
            "Position": [
                12.300000190734863,
                33.0,
                -50.099998474121094
            ],
            "Rotation": [
                0.0,
                0.0,
                -2.2829999923706055
            ],
            "Scale": [
                0.8999999761581421,
                0.30000001192092896,
                0.800000011920929
            ]
        },
        {
            "Model": "grayBox",
            "Name": "Entity26",
            "Position": [
                9.0,
                33.0,
                -50.099998474121094
            ],
            "Rotation": [
                0.0,
                0.0,
                -0.8830001354217529
            ],
            "Scale": [
                0.8999999761581421,
                0.30000001192092896,
                0.800000011920929
            ]
        },
        {
            "Model": "grayBox",
            "Name": "Entity27",
            "Position": [
                10.600000381469727,
                33.70000076293945,
                -50.099998474121094
            ],
            "Rotation": [
                0.0,
                0.0,
                0.016999125480651855
            ],
            "Scale": [
                0.8999999761581421,
                0.30000001192092896,
                0.800000011920929
            ]
        },
        {
            "Model": "grayBox",
            "Name": "Entity28",
            "Position": [
                10.399999618530273,
                36.400001525878906,
                -50.099998474121094
            ],
            "Rotation": [
                3.1411044597625732,
                0.0,
                -3.1415927410125732
            ],
            "Scale": [
                4.900000095367432,
                0.30000001192092896,
                0.800000011920929
            ]
        },
        {
            "Model": "grayBox",
            "Name": "Entity29",