{
    "DirectionalLight": {
        "Direction": [
            0.0,
            -0.705345630645752,
            0.07053456455469131,
            0.705345630645752
        ],
        "Intensity": [
            1.0,
            1.0,
            1.0,
            0.00019999999494757503
        ]
    },
    "Floor": null,
    "Metadata": {
        "Highscore": 0,
        "OptimalTime": 10.0
    },
    "Player": {
        "ArrowCamera": {
            "Direction": [
                0.0,
                0.0,
                -1.0
            ],
            "Position": [
                1.0,
                1.0,
                0.0
            ]
        },
        "OversightCamera": {
            "Direction": [
                0.4423958659172058,
                -0.7156888842582703,
                -0.5404399037361145
            ],
            "FOV": 75.0,
            "Offset": [
                0.0,
                0.0,
                0.0
            ],
            "Position": [
                -10.0,
                20.0,
                10.0
            ]
        }
    },
    "PointLights": [
        {
            "Color": [
                1.0,
                1.0,
                1.0,
                3.0
            ],
            "Distance": 13,
            "Position": [
                -0.0,
                2.799999952316284,
                -4.5,
                1.0
            ]
        },
        {
            "Color": [
                0.800000011920929,
                0.800000011920929,
                1.0,
                10.0
            ],
            "Distance": 20,
            "Position": [
                0.0,
                0.0,
                -10.0,
                1.0
            ]
        }
    ],
    "Props": [
        {
            "Model": "Cube",
            "Name": "Box1",
            "Position": [
                0.0,
                0.0,
                0.0
            ],
            "Rotation": [
                0.0,
                0.0,
                0.0
            ],
            "Scale": [
                10.0,
                0.10000000149011612,
                35.0
            ]
        },
        {
            "Model": "Cube",
            "Name": "Box2",
            "Position": [
                0.0,
                4.0,
                -4.5
            ],
            "Rotation": [
                0.0,
                0.0,
                0.0
            ],
            "Scale": [
                0.5,
                1.0,
                1.5
            ]
        },
        {
            "Model": "Cube",
            "Name": "",
            "Position": [
                -107374176.0,
                -107374176.0,
                -107374176.0
            ],
            "Rotation": [
                0.0,
                0.0,
                0.0
            ],
            "Scale": [
                1.0,
                1.0,
                1.0
            ]
        }
    ],
    "Target": [
        {
            "Name": "Target1",
            "Path": null,
            "Position": [
                0.0,
                1.4773422479629517,
                -5.0
            ],
            "Rotation": [
                1.7120001316070557,
                0.08798611909151077,
                -0.481490820646286
            ],
            "Scale": [
                0.25,
                0.25,
                0.25
            ]
        },
        {
            "Name": "Target3",
            "Path": null,
            "Position": [
                2.9000000953674316,
                1.221309781074524,
                -9.899999618530273
            ],
            "Rotation": [
                3.094999074935913,
                0.11201400309801102,
                -0.007918612100183964
            ],
            "Scale": [
                0.25,
                0.25,
                0.25
            ]
        },
        {
            "Name": "Target4",
            "Path": null,
            "Position": [
                -3.5999999046325684,
                1.3118648529052734,
                -9.600000381469727
            ],
            "Rotation": [
                -1.971000075340271,
                -0.08798883110284805,
                -0.36186355352401733
            ],
            "Scale": [
                0.25,
                0.25,
                0.25
            ]
        },
        {
            "Name": "Target5",
            "Path": null,
            "Position": [
                -0.5,
                1.3846814632415771,
                -13.0
            ],
            "Rotation": [
                -2.571000099182129,
                0.011820106767117977,
                0.06446151435375214
            ],
            "Scale": [
                0.25,
                0.25,
                0.25
            ]
        }
    ],
    "Walls": {
        "WallInfo": {
            "Height": 5.0,
            "Texture": "wallTex"
        },
        "WallPoints": [
            [
                [
                    -5.0,
                    2.0
                ],
                [
                    -5.0,
                    -15.0
                ],
                [
                    5.0,
                    -15.0
                ],
                [
                    5.0,
                    2.0
                ]
            ],
            [
                [
                    -3.0,
                    -3.0
                ],
                [
                    -3.0,
                    -2.0
                ],
                [
                    5.0,
                    -2.0
                ],
                [
                    5.0,
                    -3.0
                ]
            ],
            [
                [
                    -5.0,
                    -7.0
                ],
                [
                    -5.0,
                    -6.0
                ],
                [
                    3.0,
                    -6.0
                ],
                [
                    3.0,
                    -7.0
                ]
            ]
        ]
    }
}
