{
    "DirectionalLight": {
        "Direction": [
            0.38931721448898315,
            -0.8605563044548035,
            0.06936240196228027,
            0.3210356831550598
        ],
        "Intensity": [
            0.0,
            0.0,
            0.0,
            0.0020000000949949026
        ]
    },
    "Floor": null,
    "Metadata": {
        "Highscore": 0,
        "OptimalTime": 10.0
    },
    "Player": {
        "ArrowCamera": {
            "Direction": [
                0.0,
                0.0,
                -1.0
            ],
            "Position": [
                1.0,
                1.0,
                0.0
            ]
        },
        "OversightCamera": {
            "Direction": [
                0.4423958659172058,
                -0.7156888842582703,
                -0.5404399037361145
            ],
            "FOV": 75.0,
            "Offset": [
                0.0,
                0.0,
                0.0
            ],
            "Position": [
                -10.0,
                20.0,
                10.0
            ]
        }
    },
    "PointLights": [
        {
            "Color": [
                0.699999988079071,
                0.0,
                -0.10000000149011612,
                3.799999952316284
            ],
            "Distance": 200,
            "Position": [
                -0.20000000298023224,
                1.5499999523162842,
                3.299999952316284,
                1.0
            ]
        }
    ],
    "Props": [
        {
            "Model": "labFloor",
            "Name": "floor2",
            "Position": [
                0.4000000059604645,
                0.0,
                -13.300000190734863
            ],
            "Rotation": [
                0.0,
                0.0,
                0.0
            ],
            "Scale": [
                5.400000095367432,
                0.30000001192092896,
                19.299999237060547
            ]
        }
    ],
    "Target": [
        {
            "Name": "Target1",
            "Path": null,
            "Position": [
                0.0,
                1.9432419538497925,
                -3.0
            ],
            "Rotation": [
                -3.083186149597168,
                0.0033474890515208244,
                -0.5423755645751953
            ],
            "Scale": [
                0.25,
                0.25,
                0.25
            ]
        },
        {
            "Name": "Target2",
            "Path": null,
            "Position": [
                2.0,
                1.5542304515838623,
                -10.0
            ],
            "Rotation": [
                3.1400485038757324,
                0.0,
                0.040108684450387955
            ],
            "Scale": [
                0.25,
                0.25,
                0.25
            ]
        },
        {
            "Name": "Target3",
            "Path": null,
            "Position": [
                -2.0,
                1.4355669021606445,
                -17.0
            ],
            "Rotation": [
                3.1400485038757324,
                0.0,
                0.6512073874473572
            ],
            "Scale": [
                0.25,
                0.25,
                0.25
            ]
        },
        {
            "Name": "Target4",
            "Path": null,
            "Position": [
                -1.0,
                2.0847349166870117,
                -20.0
            ],
            "Rotation": [
                3.1400485038757324,
                0.0,
                0.22257883846759796
            ],
            "Scale": [
                0.25,
                0.25,
                0.25
            ]
        },
        {
            "Name": "Target5",
            "Path": null,
            "Position": [
                1.2000000476837158,
                1.6116943359375,
                -25.100000381469727
            ],
            "Rotation": [
                2.700000286102295,
                0.0,
                0.26257210969924927
            ],
            "Scale": [
                0.25,
                0.25,
                0.25
            ]
        }
    ],
    "Walls": {
        "WallInfo": {
            "Height": 5.0,
            "Texture": "wallTex"
        },
        "WallPoints": [
            [
                [
                    -5.0,
                    5.0
                ],
                [
                    -5.0,
                    -30.0
                ],
                [
                    5.0,
                    -30.0
                ],
                [
                    5.0,
                    5.0
                ]
            ]
        ]
    }
}
