{
    "DirectionalLight": {
        "Direction": [
            0.0,
            -0.6030226945877075,
            0.30151134729385376,
            0.738548994064331
        ],
        "Intensity": [
            1.0,
            1.0,
            1.0,
            1.0
        ]
    },
    "Floor": null,
    "Metadata": {
        "Highscore": 57,
        "OptimalTime": 8.0
    },
    "Player": {
        "ArrowCamera": {
            "Direction": [
                0.008078809827566147,
                0.029566649347543716,
                -0.9995301961898804
            ],
            "FOV": 75.0,
            "Offset": [
                0.0,
                0.30000001192092896,
                -1.0
            ],
            "Position": [
                -2.2062530517578125,
                1.5854910612106323,
                3.99429988861084
            ]
        },
        "OversightCamera": {
            "Direction": [
                -0.42276594042778015,
                -0.7088894248008728,
                -0.5645748972892761
            ],
            "FOV": 75.0,
            "Offset": [
                0.0,
                0.0,
                0.0
            ],
            "Position": [
                2.897919178009033,
                11.696891784667969,
                5.38015604019165
            ]
        }
    },
    "PointLights": [
        {
            "Color": [
                0.699999988079071,
                0.699999988079071,
                1.0,
                2.0
            ],
            "Distance": 20,
            "Position": [
                0.20000000298023224,
                2.4000000953674316,
                -7.800000190734863,
                1.0
            ]
        }
    ],
    "Props": [
        {
            "Model": "labFloor",
            "Name": "floor2",
            "Position": [
                0.0,
                0.0,
                0.0
            ],
            "Rotation": [
                0.0,
                0.0,
                0.0
            ],
            "Scale": [
                5.0,
                0.30000001192092896,
                5.0
            ]
        },
        {
            "Model": "labFloor",
            "Name": "floor1",
            "Position": [
                0.0,
                0.0,
                -10.0
            ],
            "Rotation": [
                0.0,
                0.0,
                0.0
            ],
            "Scale": [
                5.0,
                0.30000001192092896,
                5.0
            ]
        },
        {
            "Model": "lamp",
            "Name": "Lamp",
            "Position": [
                0.0,
                0.30000001192092896,
                -8.0
            ],
            "Rotation": [
                -0.8999999761581421,
                0.0,
                0.0
            ],
            "Scale": [
                0.800000011920929,
                0.800000011920929,
                0.800000011920929
            ]
        },
        {
            "Model": "keepCalm",
            "Name": "Poster1",
            "Position": [
                -2.9000000953674316,
                2.299999952316284,
                -7.699999809265137
            ],
            "Rotation": [
                0.0,
                0.0,
                2.742000102996826
            ],
            "Scale": [
                0.5,
                0.5,
                0.5
            ]
        },
        {
            "Model": "keepCalm",
            "Name": "Poster2",
            "Position": [
                -1.7000000476837158,
                2.799999952316284,
                -7.699999809265137
            ],
            "Rotation": [
                0.0,
                0.0,
                -2.942000389099121
            ],
            "Scale": [
                0.5,
                0.5,
                0.5
            ]
        }
    ],
    "Target": [
        {
            "Name": "Target1",
            "Path": null,
            "Position": [
                -1.5,
                2.4868764877319336,
                -2.799999952316284
            ],
            "Rotation": [
                3.1400485038757324,
                0.0,
                -0.41407346725463867
            ],
            "Scale": [
                0.25,
                0.25,
                0.25
            ]
        },
        {
            "Name": "Target2",
            "Path": null,
            "Position": [
                2.5,
                2.891511917114258,
                -12.699999809265137
            ],
            "Rotation": [
                3.1415927410125732,
                0.0,
                0.23562026023864746
            ],
            "Scale": [
                0.25,
                0.25,
                0.25
            ]
        }
    ],
    "Walls": {
        "WallInfo": {
            "Height": 5.0,
            "Texture": "wallTex"
        },
        "WallPoints": [
            [
                [
                    5.0,
                    5.0
                ],
                [
                    -5.0,
                    5.0
                ],
                [
                    -5.0,
                    -8.0
                ],
                [
                    0.0,
                    -8.0
                ],
                [
                    0.0,
                    -15.0
                ],
                [
                    5.0,
                    -15.0
                ]
            ]
        ]
    }
}
