{
    "DirectionalLight": {
        "Direction": [
            0.0,
            -0.6030226945877075,
            0.30151134729385376,
            0.738548994064331
        ],
        "Intensity": [
            1.0,
            1.0,
            1.0,
            1.0
        ]
    },
    "Floor": null,
    "Metadata": {
        "Highscore": 43,
        "OptimalTime": 8.0
    },
    "Player": {
        "ArrowCamera": {
            "Direction": [
                0.021203938871622086,
                -0.018547983840107918,
                -0.9996031522750854
            ],
            "Position": [
                -3.5358333587646484,
                1.515206217765808,
                2.640699863433838
            ]
        },
        "OversightCamera": {
            "Direction": [
                -0.49082690477371216,
                -0.7549822926521301,
                -0.43484562635421753
            ],
            "FOV": 75.0,
            "Offset": [
                0.0,
                0.0,
                0.0
            ],
            "Position": [
                6.2361578941345215,
                11.485635757446289,
                -1.6102299690246582
            ]
        }
    },
    "PointLights": [
        {
            "Color": [
                0.699999988079071,
                0.699999988079071,
                1.0,
                1.5
            ],
            "Distance": 50,
            "Position": [
                0.20000000298023224,
                2.4000000953674316,
                -7.800000190734863,
                1.0
            ]
        }
    ],
    "Props": [
        {
            "Model": "labFloor",
            "Name": "floor2",
            "Position": [
                0.0,
                0.0,
                0.0
            ],
            "Rotation": [
                0.0,
                0.0,
                0.0
            ],
            "Scale": [
                5.0,
                0.30000001192092896,
                5.0
            ]
        },
        {
            "Model": "labFloor",
            "Name": "floor1",
            "Position": [
                0.0,
                0.0,
                -10.0
            ],
            "Rotation": [
                0.0,
                0.0,
                0.0
            ],
            "Scale": [
                5.0,
                0.30000001192092896,
                5.0
            ]
        },
        {
            "Model": "lamp",
            "Name": "Lamp",
            "Position": [
                0.0,
                0.30000001192092896,
                -8.0
            ],
            "Rotation": [
                -0.8999999761581421,
                0.0,
                0.0
            ],
            "Scale": [
                0.800000011920929,
                0.800000011920929,
                0.800000011920929
            ]
        },
        {
            "Model": "labFloor",
            "Name": "Floor3",
            "Position": [
                10.0,
                0.0,
                -10.0
            ],
            "Rotation": [
                0.0,
                0.0,
                0.0
            ],
            "Scale": [
                5.0,
                0.30000001192092896,
                5.0
            ]
        },
        {
            "Model": "Cube",
            "Name": "Marker1",
            "Position": [
                -3.4000000953674316,
                0.25,
                -6.5
            ],
            "Rotation": [
                0.0,
                0.0,
                0.0
            ],
            "Scale": [
                0.800000011920929,
                0.10000000149011612,
                5.400000095367432
            ]
        },
        {
            "Model": "Cube",
            "Name": "Marker2",
            "Position": [
                3.5,
                0.25,
                -11.699999809265137
            ],
            "Rotation": [
                0.0,
                0.0,
                0.0
            ],
            "Scale": [
                6.0,
                0.10000000149011612,
                0.800000011920929
            ]
        }
    ],
    "Target": [
        {
            "Name": "Target1",
            "Path": [
                {
                    "Position": [
                        -3.4000000953674316,
                        1.5,
                        -2.700000047683716
                    ],
                    "Time": 0.0
                },
                {
                    "Position": [
                        -3.4000000953674316,
                        1.5,
                        -10.800000190734863
                    ],
                    "Time": 5.0
                },
                {
                    "Position": [
                        -3.4000000953674316,
                        1.5,
                        -2.700000047683716
                    ],
                    "Time": 10.0
                }
            ],
            "Position": [
                -3.4000000953674316,
                1.5,
                -2.700000047683716
            ],
            "Rotation": null,
            "Scale": [
                0.25,
                0.25,
                0.25
            ],
            "Yaw": 0.0
        },
        {
            "Name": "Target 1",
            "Path": [
                {
                    "Position": [
                        -1.100000023841858,
                        1.5,
                        -11.800000190734863
                    ],
                    "Time": 0.0
                },
                {
                    "Position": [
                        8.199999809265137,
                        1.5,
                        -11.800000190734863
                    ],
                    "Time": 5.0
                },
                {
                    "Position": [
                        -1.100000023841858,
                        1.5,
                        -11.800000190734863
                    ],
                    "Time": 10.0
                }
            ],
            "Position": [
                -1.100000023841858,
                1.5,
                -11.800000190734863
            ],
            "Rotation": null,
            "Scale": [
                0.25,
                0.25,
                0.25
            ],
            "Yaw": -1.570796251296997
        }
    ],
    "Walls": {
        "WallInfo": {
            "Height": 5.0,
            "Texture": "wallTex"
        },
        "WallPoints": [
            [
                [
                    4.0,
                    5.0
                ],
                [
                    -5.0,
                    5.0
                ],
                [
                    -5.0,
                    -13.0
                ],
                [
                    10.0,
                    -13.0
                ],
                [
                    10.0,
                    -7.0
                ],
                [
                    4.0,
                    -7.0
                ]
            ]
        ]
    }
}
