{
    "DirectionalLight": {
        "Direction": [
            0.0,
            -0.6030226945877075,
            0.30151134729385376,
            0.738548994064331
        ],
        "Intensity": [
            1.0,
            1.0,
            1.0,
            1.0
        ]
    },
    "Floor": null,
    "Metadata": {
        "Highscore": 33,
        "OptimalTime": 8.0
    },
    "Player": {
        "ArrowCamera": {
            "Direction": [
                0.021203938871622086,
                -0.018547983840107918,
                -0.9996031522750854
            ],
            "Position": [
                -3.5358333587646484,
                1.515206217765808,
                2.640699863433838
            ]
        },
        "OversightCamera": {
            "Direction": [
                -0.49082690477371216,
                -0.7549822926521301,
                -0.43484562635421753
            ],
            "FOV": 75.0,
            "Offset": [
                0.0,
                0.0,
                0.0
            ],
            "Position": [
                6.2361578941345215,
                11.485635757446289,
                -1.6102299690246582
            ]
        }
    },
    "PointLights": [
        {
            "Color": [
                0.699999988079071,
                0.699999988079071,
                1.0,
                1.5
            ],
            "Distance": 50,
            "Position": [
                6.599999904632568,
                3.200000047683716,
                -3.799999952316284,
                1.0
            ]
        }
    ],
    "Props": [
        {
            "Model": "labFloor",
            "Name": "floor2",
            "Position": [
                1.0,
                0.0,
                -2.0
            ],
            "Rotation": [
                0.0,
                0.0,
                0.0
            ],
            "Scale": [
                6.0,
                0.30000001192092896,
                6.0
            ]
        },
        {
            "Model": "labFloor",
            "Name": "floor1",
            "Position": [
                1.0,
                0.0,
                -14.0
            ],
            "Rotation": [
                0.0,
                0.0,
                0.0
            ],
            "Scale": [
                6.0,
                0.30000001192092896,
                6.0
            ]
        },
        {
            "Model": "labFloor",
            "Name": "Floor3",
            "Position": [
                13.0,
                0.0,
                -14.0
            ],
            "Rotation": [
                0.0,
                0.0,
                0.0
            ],
            "Scale": [
                6.0,
                0.30000001192092896,
                6.0
            ]
        },
        {
            "Model": "labFloor",
            "Name": "Floor4",
            "Position": [
                13.0,
                0.0,
                -2.0
            ],
            "Rotation": [
                0.0,
                0.0,
                0.0
            ],
            "Scale": [
                6.0,
                0.30000001192092896,
                6.0
            ]
        },
        {
            "Model": "Cube",
            "Name": "BlockLeftBottom",
            "Position": [
                1.0,
                1.0,
                -3.5
            ],
            "Rotation": [
                0.0,
                0.0,
                0.0
            ],
            "Scale": [
                1.0,
                1.0,
                1.5
            ]
        },
        {
            "Model": "Cube",
            "Name": "BlockLeftTop",
            "Position": [
                1.0,
                4.0,
                -3.5
            ],
            "Rotation": [
                0.0,
                0.0,
                0.0
            ],
            "Scale": [
                1.0,
                1.0,
                1.5
            ]
        },
        {
            "Model": "Cube",
            "Name": "BlockRightTop",
            "Position": [
                13.0,
                4.0,
                -3.5
            ],
            "Rotation": [
                0.0,
                0.0,
                0.0
            ],
            "Scale": [
                1.0,
                1.0,
                1.5
            ]
        },
        {
            "Model": "Cube",
            "Name": "BlockRightBottom",
            "Position": [
                13.0,
                1.0,
                -3.5
            ],
            "Rotation": [
                0.0,
                0.0,
                0.0
            ],
            "Scale": [
                1.0,
                1.0,
                1.5
            ]
        }
    ],
    "Target": [
        {
            "Name": "Target1",
            "Path": null,
            "Position": [
                16.399999618530273,
                2.2217376232147217,
                2.0999999046325684
            ],
            "Rotation": [
                0.0,
                0.0,
                0.17674210667610168
            ],
            "Scale": [
                0.25,
                0.25,
                0.25
            ]
        }
    ],
    "Walls": {
        "WallInfo": {
            "Height": 5.0,
            "Texture": "wallTex"
        },
        "WallPoints": [
            [
                [
                    19.0,
                    4.0
                ],
                [
                    14.0,
                    4.0
                ],
                [
                    14.0,
                    -2.0
                ],
                [
                    0.0,
                    -2.0
                ],
                [
                    0.0,
                    4.0
                ],
                [
                    -5.0,
                    4.0
                ],
                [
                    -5.0,
                    -15.0
                ],
                [
                    19.0,
                    -15.0
                ]
            ],
            [
                [
                    14.0,
                    -5.0
                ],
                [
                    14.0,
                    -10.0
                ],
                [
                    0.0,
                    -10.0
                ],
                [
                    0.0,
                    -5.0
                ]
            ]
        ]
    }
}
